id,first_name,last_name,email,username,ticket_number,purchase_timestamp,payment_method,raffle_name,status
1,Leslie,Sloan,brookebrown@smith.com,wschroeder,RFL-1000,2025-05-03 22:58:03,Credit Card,Winter Giveaway,Confirmed
2,Courtney,Wood,rossmartin@hotmail.com,spatrick,RFL-1001,2025-04-29 22:52:03,Credit Card,Summer Bonanza,Pending
3,Christopher,Smith,uweaver@yahoo.com,alexandrajoseph,RFL-1002,2025-04-25 10:40:03,Stripe,Spring Raffle,Cancelled
4,Deborah,Wolf,ulee@gmail.com,stacy37,RFL-1003,2025-04-22 12:34:03,PayPal,Summer Bonanza,Pending
5,Stephanie,Rosario,heather36@yahoo.com,johngarner,RFL-1004,2025-05-10 01:27:03,Credit Card,Spring Raffle,Cancelled
6,Leslie,Sloan,brookebrown@smith.com,wschroeder,RFL-1005,2025-04-30 06:23:03,PayPal,Spring Raffle,Pending
7,Paul,Jackson,zimmermanhannah@gmail.com,carolcochran,RFL-1006,2025-04-14 19:05:03,PayPal,Summer Bonanza,Cancelled
8,Courtney,Wood,rossmartin@hotmail.com,spatrick,RFL-1007,2025-04-19 05:47:03,Stripe,Spring Raffle,Confirmed
9,Deborah,Wolf,ulee@gmail.com,stacy37,RFL-1008,2025-04-29 19:55:03,Credit Card,Winter Giveaway,Confirmed
10,Micheal,Johnson,tferguson@morales-richard.org,randy01,RFL-1009,2025-05-04 18:45:03,Credit Card,Summer Bonanza,Cancelled
11,Brianna,Jackson,jeffrey33@hotmail.com,simpsontheresa,RFL-1010,2025-04-25 17:32:03,Credit Card,Winter Giveaway,Confirmed
12,Patricia,Boyd,alewis@jones.com,smartin,RFL-1011,2025-04-24 13:35:03,Credit Card,Winter Giveaway,Pending
13,Brandi,Bennett,judithhernandez@miller.net,lprince,RFL-1012,2025-04-27 10:45:03,PayPal,Winter Giveaway,Pending
14,Brandi,Bennett,judithhernandez@miller.net,lprince,RFL-1013,2025-04-13 13:29:03,Stripe,Spring Raffle,Cancelled
15,Patricia,Boyd,alewis@jones.com,smartin,RFL-1014,2025-04-13 21:57:03,Stripe,Summer Bonanza,Confirmed
16,Savannah,Dominguez,karagomez@hotmail.com,elizabeth53,RFL-1015,2025-04-14 05:32:03,Stripe,Spring Raffle,Confirmed
17,Leslie,Sloan,brookebrown@smith.com,wschroeder,RFL-1016,2025-04-17 06:13:03,PayPal,Winter Giveaway,Cancelled
18,Christopher,Smith,uweaver@yahoo.com,alexandrajoseph,RFL-1017,2025-05-03 09:15:03,PayPal,Winter Giveaway,Confirmed
19,Rebecca,Vasquez,frenchbradley@vasquez.info,stanleymatthew,RFL-1018,2025-04-12 15:14:03,PayPal,Spring Raffle,Confirmed
20,Miguel,Nelson,courtneylowe@whitehead.com,omar28,RFL-1019,2025-04-23 12:51:03,PayPal,Summer Bonanza,Confirmed
21,Erik,Sloan,jonesteresa@hotmail.com,cynthia08,RFL-1020,2025-04-25 19:50:03,PayPal,Spring Raffle,Confirmed
22,Rebecca,George,kelly72@yahoo.com,bellderrick,RFL-1021,2025-04-13 22:33:03,Stripe,Winter Giveaway,Pending
23,Danielle,Davis,jeffreysolis@yahoo.com,gabrielabaldwin,RFL-1022,2025-05-08 11:40:03,Credit Card,Winter Giveaway,Pending
24,Colin,Crawford,jacquelinejones@robinson-weber.com,adkinsrhonda,RFL-1023,2025-04-18 12:05:03,PayPal,Spring Raffle,Confirmed
25,James,Smith,ggentry@gmail.com,isaacchristensen,RFL-1024,2025-05-04 19:31:03,Credit Card,Winter Giveaway,Cancelled
26,Joseph,Price,marievargas@yahoo.com,tcantrell,RFL-1025,2025-04-28 05:56:03,Credit Card,Summer Bonanza,Cancelled
27,Brianna,Jackson,jeffrey33@hotmail.com,simpsontheresa,RFL-1026,2025-05-03 20:22:03,Credit Card,Winter Giveaway,Cancelled
28,Stephanie,Becker,lisa91@hotmail.com,jbutler,RFL-1027,2025-04-19 12:38:03,PayPal,Summer Bonanza,Pending
29,Phillip,Ramirez,ksolis@yahoo.com,timothy63,RFL-1028,2025-05-04 14:58:03,Credit Card,Summer Bonanza,Pending
30,Derek,Little,jensenbrian@hayes.com,mmiller,RFL-1029,2025-04-19 21:47:03,Stripe,Winter Giveaway,Confirmed
31,Brandi,Bennett,judithhernandez@miller.net,lprince,RFL-1030,2025-04-18 19:15:03,Credit Card,Spring Raffle,Cancelled
32,Patrick,Coffey,benjaminsmith@shaffer.org,bmartin,RFL-1031,2025-04-13 18:48:03,PayPal,Spring Raffle,Cancelled
33,Jasmine,Williams,smithjustin@patterson.biz,timothy64,RFL-1032,2025-05-09 19:16:03,Stripe,Spring Raffle,Cancelled
34,Dawn,Coleman,michele29@gmail.com,todd22,RFL-1033,2025-04-14 17:11:03,Stripe,Summer Bonanza,Cancelled
35,Shelley,Hernandez,griffinjeffrey@weeks-anderson.info,ajones,RFL-1034,2025-04-20 05:09:03,Credit Card,Summer Bonanza,Confirmed
36,Paul,Jackson,zimmermanhannah@gmail.com,carolcochran,RFL-1035,2025-05-08 09:56:03,Credit Card,Summer Bonanza,Pending
37,Jesse,Wolfe,qlewis@green.biz,davidbarber,RFL-1036,2025-05-10 14:00:03,Stripe,Winter Giveaway,Confirmed
38,David,Morris,seanortiz@gmail.com,paullittle,RFL-1037,2025-04-17 08:29:03,PayPal,Winter Giveaway,Cancelled
39,Dawn,Coleman,michele29@gmail.com,todd22,RFL-1038,2025-05-05 09:40:03,Stripe,Spring Raffle,Cancelled
40,Paul,Horn,alexander64@gmail.com,walexander,RFL-1039,2025-04-14 21:22:03,Credit Card,Spring Raffle,Pending
41,David,Dominguez,tjones@lopez.com,smithlisa,RFL-1040,2025-04-24 07:59:03,Credit Card,Summer Bonanza,Pending
42,Micheal,Johnson,tferguson@morales-richard.org,randy01,RFL-1041,2025-04-14 10:59:03,PayPal,Winter Giveaway,Cancelled
43,Alexandria,Blackwell,eanderson@hotmail.com,danielsteven,RFL-1042,2025-04-30 11:21:03,Credit Card,Winter Giveaway,Cancelled
44,Derek,Little,jensenbrian@hayes.com,mmiller,RFL-1043,2025-04-30 15:55:03,PayPal,Summer Bonanza,Pending
45,Russell,Brown,fjensen@hopkins.biz,rita07,RFL-1044,2025-04-13 15:49:03,PayPal,Spring Raffle,Pending
46,Brianna,Jackson,jeffrey33@hotmail.com,simpsontheresa,RFL-1045,2025-04-22 21:29:03,Stripe,Winter Giveaway,Confirmed
47,Crystal,Rios,cruzmegan@yahoo.com,johnadkins,RFL-1046,2025-04-16 09:21:03,Credit Card,Spring Raffle,Cancelled
48,Rebecca,Walsh,douglas12@turner-schmidt.com,fosterrobin,RFL-1047,2025-04-26 19:40:03,PayPal,Winter Giveaway,Cancelled
49,Danielle,Jackson,ibennett@beck-martin.org,april80,RFL-1048,2025-05-05 17:38:03,Stripe,Spring Raffle,Pending
50,David,Jones,jeffery56@gmail.com,ericdavidson,RFL-1049,2025-04-28 13:02:03,PayPal,Winter Giveaway,Pending
51,Randy,Patterson,rhonda14@smith.com,susanbryan,RFL-1050,2025-04-12 19:08:03,PayPal,Spring Raffle,Cancelled
52,David,Dominguez,tjones@lopez.com,smithlisa,RFL-1051,2025-05-01 20:49:03,PayPal,Spring Raffle,Cancelled
53,Rebecca,George,kelly72@yahoo.com,bellderrick,RFL-1052,2025-04-26 18:29:03,PayPal,Spring Raffle,Confirmed
54,Joseph,Adkins,matthewmccormick@turner.biz,sthompson,RFL-1053,2025-05-11 06:37:03,Credit Card,Winter Giveaway,Confirmed
55,William,Anderson,wesley95@gmail.com,gdodson,RFL-1054,2025-04-19 03:24:03,PayPal,Spring Raffle,Pending
56,Joseph,Price,marievargas@yahoo.com,tcantrell,RFL-1055,2025-04-15 23:00:03,Stripe,Winter Giveaway,Pending
57,Stephanie,Diaz,toddrichard@willis.com,richard55,RFL-1056,2025-04-12 08:43:03,Credit Card,Winter Giveaway,Pending
58,Johnathan,Jackson,williamcross@lang.info,jillianschroeder,RFL-1057,2025-04-27 16:43:03,Credit Card,Spring Raffle,Cancelled
59,Shelby,Hall,shawn91@wright.biz,mariohart,RFL-1058,2025-04-24 22:18:03,Stripe,Winter Giveaway,Cancelled
60,Beth,Thornton,lscott@matthews.com,martinezsamantha,RFL-1059,2025-04-25 20:19:03,PayPal,Spring Raffle,Confirmed
61,Miguel,Nelson,courtneylowe@whitehead.com,omar28,RFL-1060,2025-04-11 20:21:03,Stripe,Winter Giveaway,Confirmed
62,Stephanie,Rosario,heather36@yahoo.com,johngarner,RFL-1061,2025-04-13 17:04:03,Credit Card,Winter Giveaway,Confirmed
63,Kristine,Murphy,susan43@yahoo.com,tina43,RFL-1062,2025-05-02 04:36:03,PayPal,Spring Raffle,Cancelled
64,Dawn,Coleman,michele29@gmail.com,todd22,RFL-1063,2025-04-13 13:52:03,Credit Card,Spring Raffle,Cancelled
65,James,Smith,ggentry@gmail.com,isaacchristensen,RFL-1064,2025-04-23 14:23:03,Credit Card,Summer Bonanza,Confirmed
66,Guy,Sanders,arthurdowns@hotmail.com,cgoodman,RFL-1065,2025-04-17 17:21:03,Stripe,Summer Bonanza,Confirmed
67,Alexa,Simpson,laurenrice@fitzgerald.com,millsadam,RFL-1066,2025-05-08 22:04:03,Stripe,Winter Giveaway,Confirmed
68,Jennifer,Smith,wilsonbrianna@gmail.com,dphillips,RFL-1067,2025-05-07 11:02:03,Stripe,Winter Giveaway,Pending
69,Kristine,Murphy,susan43@yahoo.com,tina43,RFL-1068,2025-05-10 05:44:03,Credit Card,Summer Bonanza,Pending
70,Micheal,Johnson,tferguson@morales-richard.org,randy01,RFL-1069,2025-05-07 12:31:03,Credit Card,Winter Giveaway,Cancelled
71,Rebecca,Vasquez,frenchbradley@vasquez.info,stanleymatthew,RFL-1070,2025-05-10 15:23:03,Stripe,Winter Giveaway,Cancelled
72,Katherine,Greene,robertsdiane@padilla.org,xmedina,RFL-1071,2025-05-10 18:48:03,Credit Card,Spring Raffle,Confirmed
73,Brandi,Davis,bcoffey@gmail.com,ucastro,RFL-1072,2025-04-19 01:29:03,Credit Card,Spring Raffle,Confirmed
74,Ryan,Lopez,flynnsheila@yahoo.com,lutzstephanie,RFL-1073,2025-05-01 15:09:03,Credit Card,Spring Raffle,Pending
75,Jasmine,Williams,smithjustin@patterson.biz,timothy64,RFL-1074,2025-05-11 15:29:03,PayPal,Summer Bonanza,Confirmed
76,Randy,Patterson,rhonda14@smith.com,susanbryan,RFL-1075,2025-05-09 10:22:03,PayPal,Winter Giveaway,Pending
77,Pamela,Pierce,canderson@russell-johnson.com,ccarpenter,RFL-1076,2025-04-20 00:09:03,Credit Card,Winter Giveaway,Confirmed
78,Ryan,Lopez,flynnsheila@yahoo.com,lutzstephanie,RFL-1077,2025-05-03 11:36:03,PayPal,Winter Giveaway,Cancelled
79,Beth,Thornton,lscott@matthews.com,martinezsamantha,RFL-1078,2025-04-17 01:32:03,Stripe,Summer Bonanza,Cancelled
80,Luke,Davis,browndavid@yahoo.com,burnettmichael,RFL-1079,2025-04-13 02:25:03,Stripe,Winter Giveaway,Cancelled
81,Tricia,Wilson,douglasronald@reeves-kim.info,wardmargaret,RFL-1080,2025-04-21 16:09:03,Stripe,Spring Raffle,Confirmed
82,Taylor,Johnson,robert76@lewis.org,ocurtis,RFL-1081,2025-04-20 21:01:03,Stripe,Spring Raffle,Cancelled
83,Richard,Harmon,ibrown@murphy.com,miranda33,RFL-1082,2025-04-26 10:37:03,Stripe,Winter Giveaway,Pending
84,Cassandra,Swanson,chelseagraves@hotmail.com,leslie40,RFL-1083,2025-04-18 21:28:03,PayPal,Spring Raffle,Cancelled
85,Shannon,Thompson,wilsonjacqueline@hotmail.com,jennifer49,RFL-1084,2025-04-13 22:33:03,PayPal,Spring Raffle,Pending
86,Steven,Fields,josephsparks@bird.com,rodriguezsavannah,RFL-1085,2025-05-02 17:42:03,PayPal,Summer Bonanza,Pending
87,Micheal,Johnson,tferguson@morales-richard.org,randy01,RFL-1086,2025-04-30 14:06:03,Credit Card,Summer Bonanza,Confirmed
88,Matthew,George,ubonilla@gmail.com,nmcintyre,RFL-1087,2025-04-12 04:34:03,Credit Card,Summer Bonanza,Pending
89,Lisa,Gould,jimenezsabrina@yahoo.com,brewertaylor,RFL-1088,2025-05-06 15:22:03,PayPal,Winter Giveaway,Confirmed
90,Laura,Patel,kimberlymeyer@gmail.com,oanderson,RFL-1089,2025-04-28 22:50:03,Credit Card,Summer Bonanza,Confirmed
91,Derek,Little,jensenbrian@hayes.com,mmiller,RFL-1090,2025-04-20 13:58:03,PayPal,Summer Bonanza,Pending
92,Matthew,George,ubonilla@gmail.com,nmcintyre,RFL-1091,2025-04-23 07:16:03,Stripe,Summer Bonanza,Cancelled
93,John,Solis,bankspeter@molina-thomas.com,kimberly57,RFL-1092,2025-04-12 13:58:03,PayPal,Spring Raffle,Pending
94,David,Morris,seanortiz@gmail.com,paullittle,RFL-1093,2025-04-15 11:43:03,Credit Card,Winter Giveaway,Cancelled
95,Erik,Miller,robertkelly@tyler.com,johnstonronald,RFL-1094,2025-04-26 23:12:03,Credit Card,Spring Raffle,Confirmed
96,Robert,Tran,peterevans@yahoo.com,fritzlorraine,RFL-1095,2025-04-16 17:22:03,Credit Card,Spring Raffle,Confirmed
97,Danielle,Davis,jeffreysolis@yahoo.com,gabrielabaldwin,RFL-1096,2025-05-01 16:22:03,Credit Card,Summer Bonanza,Cancelled
98,Savannah,Dominguez,karagomez@hotmail.com,elizabeth53,RFL-1097,2025-04-21 23:19:03,Stripe,Spring Raffle,Pending
99,Savannah,Dominguez,karagomez@hotmail.com,elizabeth53,RFL-1098,2025-04-19 04:42:03,PayPal,Spring Raffle,Pending
100,Laura,Patel,kimberlymeyer@gmail.com,oanderson,RFL-1099,2025-04-30 06:16:03,PayPal,Spring Raffle,Cancelled
101,Miguel,Nelson,courtneylowe@whitehead.com,omar28,RFL-1100,2025-05-06 21:25:03,Stripe,Spring Raffle,Cancelled
102,Cassandra,Swanson,chelseagraves@hotmail.com,leslie40,RFL-1101,2025-05-10 02:27:03,PayPal,Summer Bonanza,Cancelled
103,Rebecca,Vasquez,frenchbradley@vasquez.info,stanleymatthew,RFL-1102,2025-05-07 07:12:03,Credit Card,Summer Bonanza,Pending
104,Donna,White,mcarey@wright.org,molly77,RFL-1103,2025-04-29 07:09:03,Credit Card,Summer Bonanza,Cancelled
105,Robert,Reynolds,adriancollins@huffman-rivas.com,wrightamber,RFL-1104,2025-05-03 19:08:03,Stripe,Winter Giveaway,Confirmed
106,Katherine,Greene,robertsdiane@padilla.org,xmedina,RFL-1105,2025-05-08 21:09:03,Credit Card,Spring Raffle,Cancelled
107,Jeffrey,Brown,mcdowelltara@lewis.com,carmen59,RFL-1106,2025-05-03 11:12:03,Credit Card,Summer Bonanza,Pending
108,Erik,Sloan,jonesteresa@hotmail.com,cynthia08,RFL-1107,2025-04-17 23:54:03,Stripe,Winter Giveaway,Pending
109,Brandi,Davis,bcoffey@gmail.com,ucastro,RFL-1108,2025-05-01 22:42:03,PayPal,Winter Giveaway,Pending
110,Rachel,Klein,veronica37@gross.net,kennethhancock,RFL-1109,2025-04-15 13:17:03,Credit Card,Summer Bonanza,Cancelled
111,Christopher,Smith,uweaver@yahoo.com,alexandrajoseph,RFL-1110,2025-04-12 04:41:03,Credit Card,Summer Bonanza,Cancelled
112,Crystal,Rios,cruzmegan@yahoo.com,johnadkins,RFL-1111,2025-04-24 23:02:03,PayPal,Summer Bonanza,Cancelled
113,Mark,Blackwell,erica63@yahoo.com,cassandradiaz,RFL-1112,2025-05-07 14:19:03,PayPal,Winter Giveaway,Pending
114,Ryan,Lopez,flynnsheila@yahoo.com,lutzstephanie,RFL-1113,2025-05-11 00:50:03,PayPal,Spring Raffle,Confirmed
115,Kristin,Mcgee,sergio44@lucero.org,erinreed,RFL-1114,2025-04-16 18:45:03,Credit Card,Spring Raffle,Pending
116,Margaret,Smith,jamespeterson@montgomery-garcia.com,kylesmith,RFL-1115,2025-04-14 03:48:03,PayPal,Summer Bonanza,Confirmed
117,Rachel,Klein,veronica37@gross.net,kennethhancock,RFL-1116,2025-05-10 00:00:03,PayPal,Winter Giveaway,Cancelled
118,Ryan,Lopez,flynnsheila@yahoo.com,lutzstephanie,RFL-1117,2025-04-22 06:09:03,Credit Card,Spring Raffle,Cancelled
119,Derek,Little,jensenbrian@hayes.com,mmiller,RFL-1118,2025-04-22 01:42:03,Credit Card,Summer Bonanza,Pending
120,Miguel,Nelson,courtneylowe@whitehead.com,omar28,RFL-1119,2025-04-24 11:15:03,Credit Card,Winter Giveaway,Confirmed
121,Robert,Chavez,marydixon@vaughn.info,oburns,RFL-1120,2025-04-11 21:02:03,Credit Card,Spring Raffle,Cancelled
122,Paul,Horn,alexander64@gmail.com,walexander,RFL-1121,2025-05-06 17:56:03,PayPal,Summer Bonanza,Cancelled
123,Pamela,Pierce,canderson@russell-johnson.com,ccarpenter,RFL-1122,2025-04-15 00:24:03,PayPal,Summer Bonanza,Confirmed
124,Shannon,Thompson,wilsonjacqueline@hotmail.com,jennifer49,RFL-1123,2025-04-30 15:55:03,PayPal,Summer Bonanza,Confirmed
125,Mark,Blackwell,erica63@yahoo.com,cassandradiaz,RFL-1124,2025-04-23 06:13:03,Stripe,Winter Giveaway,Confirmed
126,Rebecca,George,kelly72@yahoo.com,bellderrick,RFL-1125,2025-04-12 01:55:03,Credit Card,Winter Giveaway,Pending
127,Patrick,Coffey,benjaminsmith@shaffer.org,bmartin,RFL-1126,2025-05-06 00:43:03,PayPal,Summer Bonanza,Confirmed
128,Rachel,Klein,veronica37@gross.net,kennethhancock,RFL-1127,2025-04-14 16:02:03,PayPal,Spring Raffle,Cancelled
129,Richard,Kramer,davidlewis@yahoo.com,davidsonkrista,RFL-1128,2025-04-28 08:29:03,Stripe,Summer Bonanza,Cancelled
130,William,Anderson,wesley95@gmail.com,gdodson,RFL-1129,2025-05-07 02:41:03,PayPal,Summer Bonanza,Confirmed
131,Rachel,Klein,veronica37@gross.net,kennethhancock,RFL-1130,2025-04-20 11:27:03,Stripe,Spring Raffle,Pending
132,Chad,Howe,harveyjames@peterson-mckinney.com,torresmichaela,RFL-1131,2025-04-24 21:55:03,Credit Card,Winter Giveaway,Pending
133,David,Morris,seanortiz@gmail.com,paullittle,RFL-1132,2025-05-04 22:01:03,PayPal,Spring Raffle,Cancelled
134,Brianna,Jackson,jeffrey33@hotmail.com,simpsontheresa,RFL-1133,2025-04-18 12:26:03,Credit Card,Summer Bonanza,Pending
135,Rebecca,George,kelly72@yahoo.com,bellderrick,RFL-1134,2025-04-23 23:07:03,PayPal,Spring Raffle,Confirmed
136,John,Solis,bankspeter@molina-thomas.com,kimberly57,RFL-1135,2025-04-14 09:06:03,PayPal,Winter Giveaway,Cancelled
137,Richard,Harmon,ibrown@murphy.com,miranda33,RFL-1136,2025-05-11 11:47:03,Stripe,Spring Raffle,Confirmed
138,Brandi,Bennett,judithhernandez@miller.net,lprince,RFL-1137,2025-05-01 04:10:03,PayPal,Spring Raffle,Confirmed
139,Veronica,Roth,fmorales@hotmail.com,kristenharrell,RFL-1138,2025-04-22 22:37:03,Stripe,Summer Bonanza,Pending
140,George,Williams,david09@yahoo.com,leeashlee,RFL-1139,2025-04-20 09:18:03,Stripe,Winter Giveaway,Confirmed
141,Erik,Miller,robertkelly@tyler.com,johnstonronald,RFL-1140,2025-05-09 11:27:03,PayPal,Spring Raffle,Pending
142,John,Solis,bankspeter@molina-thomas.com,kimberly57,RFL-1141,2025-04-28 13:55:03,Stripe,Spring Raffle,Cancelled
143,George,Williams,david09@yahoo.com,leeashlee,RFL-1142,2025-05-03 10:21:03,Credit Card,Spring Raffle,Confirmed
144,Richard,Kramer,davidlewis@yahoo.com,davidsonkrista,RFL-1143,2025-04-21 17:51:03,PayPal,Winter Giveaway,Confirmed
145,Lisa,Gould,jimenezsabrina@yahoo.com,brewertaylor,RFL-1144,2025-04-24 01:41:03,Stripe,Winter Giveaway,Confirmed
146,Rebecca,George,kelly72@yahoo.com,bellderrick,RFL-1145,2025-04-18 07:08:03,PayPal,Summer Bonanza,Confirmed
147,John,Solis,bankspeter@molina-thomas.com,kimberly57,RFL-1146,2025-04-15 11:20:03,PayPal,Summer Bonanza,Confirmed
148,Keith,Freeman,oscarlewis@rodriguez-morgan.com,rodriguezsabrina,RFL-1147,2025-04-27 16:42:03,PayPal,Summer Bonanza,Pending
149,Alexa,Simpson,laurenrice@fitzgerald.com,millsadam,RFL-1148,2025-05-09 11:55:03,Credit Card,Winter Giveaway,Cancelled
150,Robert,Reynolds,adriancollins@huffman-rivas.com,wrightamber,RFL-1149,2025-04-30 20:01:03,Stripe,Spring Raffle,Pending
151,Todd,Miranda,waltersantana@stone-wood.biz,jacksongary,RFL-1150,2025-05-09 13:48:03,PayPal,Spring Raffle,Cancelled
152,Troy,Boyer,nicholasbrown@garcia.com,yenglish,RFL-1151,2025-04-18 09:29:03,PayPal,Spring Raffle,Pending
153,Taylor,Johnson,robert76@lewis.org,ocurtis,RFL-1152,2025-04-29 21:52:03,Stripe,Winter Giveaway,Confirmed
154,Guy,Sanders,arthurdowns@hotmail.com,cgoodman,RFL-1153,2025-04-23 18:50:03,Stripe,Summer Bonanza,Confirmed
155,Joseph,Price,marievargas@yahoo.com,tcantrell,RFL-1154,2025-05-06 15:26:03,Credit Card,Winter Giveaway,Pending
156,Shelby,Hall,shawn91@wright.biz,mariohart,RFL-1155,2025-04-25 08:20:03,Credit Card,Spring Raffle,Pending
157,Jason,Torres,kevin87@sims-campbell.com,kellyamy,RFL-1156,2025-04-26 09:19:03,Stripe,Summer Bonanza,Cancelled
158,Kevin,Schmidt,vwalton@ryan.info,jamiesimmons,RFL-1157,2025-04-12 16:17:03,PayPal,Summer Bonanza,Confirmed
159,Amanda,Schmidt,maryrhodes@combs.com,llee,RFL-1158,2025-04-14 11:00:03,Credit Card,Spring Raffle,Pending
160,Brandi,Bennett,judithhernandez@miller.net,lprince,RFL-1159,2025-04-24 05:32:03,Stripe,Summer Bonanza,Confirmed
161,Micheal,Johnson,tferguson@morales-richard.org,randy01,RFL-1160,2025-05-05 04:48:03,PayPal,Summer Bonanza,Pending
162,Margaret,Smith,jamespeterson@montgomery-garcia.com,kylesmith,RFL-1161,2025-05-04 20:46:03,PayPal,Spring Raffle,Pending
163,Scott,Davis,samanthadavis@gmail.com,kimberly57,RFL-1162,2025-04-12 01:25:03,Credit Card,Spring Raffle,Pending
164,Kristin,Mcgee,sergio44@lucero.org,erinreed,RFL-1163,2025-04-12 19:47:03,PayPal,Summer Bonanza,Cancelled
165,Richard,Sanders,patricia15@hotmail.com,ievans,RFL-1164,2025-05-03 18:06:03,PayPal,Summer Bonanza,Cancelled
166,Paul,Horn,alexander64@gmail.com,walexander,RFL-1165,2025-05-06 02:07:03,Stripe,Spring Raffle,Cancelled
167,Stephanie,Diaz,toddrichard@willis.com,richard55,RFL-1166,2025-04-27 20:10:03,Credit Card,Spring Raffle,Confirmed
168,Paul,Jackson,zimmermanhannah@gmail.com,carolcochran,RFL-1167,2025-05-07 04:53:03,Credit Card,Summer Bonanza,Pending
169,Kelly,Watson,elliottdennis@taylor.com,dchavez,RFL-1168,2025-04-14 19:03:03,PayPal,Winter Giveaway,Cancelled
170,Paul,Jackson,zimmermanhannah@gmail.com,carolcochran,RFL-1169,2025-05-11 08:36:03,Credit Card,Summer Bonanza,Cancelled
171,David,Jones,jeffery56@gmail.com,ericdavidson,RFL-1170,2025-04-26 14:24:03,Stripe,Winter Giveaway,Confirmed
172,Troy,Boyer,nicholasbrown@garcia.com,yenglish,RFL-1171,2025-04-25 04:24:03,Stripe,Spring Raffle,Cancelled
173,Cynthia,Chapman,amy08@perez.com,lopezmatthew,RFL-1172,2025-05-01 04:33:03,Stripe,Summer Bonanza,Cancelled
174,Patrick,Coffey,benjaminsmith@shaffer.org,bmartin,RFL-1173,2025-04-15 09:11:03,Credit Card,Summer Bonanza,Confirmed
175,Phillip,Ramirez,ksolis@yahoo.com,timothy63,RFL-1174,2025-04-20 13:35:03,Credit Card,Winter Giveaway,Confirmed
176,Russell,Brown,fjensen@hopkins.biz,rita07,RFL-1175,2025-04-25 00:19:03,PayPal,Winter Giveaway,Cancelled
177,Robert,Chavez,marydixon@vaughn.info,oburns,RFL-1176,2025-05-11 16:30:03,Stripe,Summer Bonanza,Confirmed
178,Johnathan,Jackson,williamcross@lang.info,jillianschroeder,RFL-1177,2025-05-09 21:10:03,Credit Card,Spring Raffle,Pending
179,Morgan,Marks,bbell@gmail.com,bblake,RFL-1178,2025-05-09 17:00:03,Stripe,Summer Bonanza,Pending
180,Phillip,Ramirez,ksolis@yahoo.com,timothy63,RFL-1179,2025-04-29 21:38:03,PayPal,Spring Raffle,Cancelled
181,Danielle,Davis,jeffreysolis@yahoo.com,gabrielabaldwin,RFL-1180,2025-04-19 13:12:03,PayPal,Winter Giveaway,Cancelled
182,Erik,Sloan,jonesteresa@hotmail.com,cynthia08,RFL-1181,2025-05-08 00:51:03,Stripe,Winter Giveaway,Confirmed
183,Richard,Harmon,ibrown@murphy.com,miranda33,RFL-1182,2025-04-27 11:00:03,Credit Card,Spring Raffle,Cancelled
184,Richard,Sanders,patricia15@hotmail.com,ievans,RFL-1183,2025-04-15 22:16:03,Credit Card,Spring Raffle,Confirmed
185,William,Anderson,wesley95@gmail.com,gdodson,RFL-1184,2025-04-17 11:09:03,Credit Card,Winter Giveaway,Cancelled
186,Joseph,Adkins,matthewmccormick@turner.biz,sthompson,RFL-1185,2025-04-24 12:37:03,Stripe,Winter Giveaway,Cancelled
187,Derek,Little,jensenbrian@hayes.com,mmiller,RFL-1186,2025-04-28 10:12:03,PayPal,Spring Raffle,Cancelled
188,Colin,Crawford,jacquelinejones@robinson-weber.com,adkinsrhonda,RFL-1187,2025-04-29 14:43:03,PayPal,Summer Bonanza,Cancelled
189,Patricia,Boyd,alewis@jones.com,smartin,RFL-1188,2025-05-06 21:05:03,Stripe,Summer Bonanza,Cancelled
190,George,Williams,david09@yahoo.com,leeashlee,RFL-1189,2025-04-29 06:43:03,Stripe,Winter Giveaway,Cancelled
191,Elizabeth,Flynn,diamondschmidt@arnold.info,xgrimes,RFL-1190,2025-05-06 21:14:03,Credit Card,Winter Giveaway,Cancelled
192,Susan,Marquez,reginald74@gmail.com,josephwest,RFL-1191,2025-05-03 20:29:03,PayPal,Summer Bonanza,Confirmed
193,Richard,Harmon,ibrown@murphy.com,miranda33,RFL-1192,2025-04-27 09:22:03,Stripe,Summer Bonanza,Confirmed
194,Margaret,Smith,amandawright@joseph.com,michaelmartin,RFL-1193,2025-04-12 06:41:03,Credit Card,Summer Bonanza,Cancelled
195,Robert,Tran,peterevans@yahoo.com,fritzlorraine,RFL-1194,2025-04-12 10:33:03,PayPal,Summer Bonanza,Cancelled
196,Kevin,Schmidt,vwalton@ryan.info,jamiesimmons,RFL-1195,2025-04-17 18:45:03,PayPal,Spring Raffle,Pending
197,Steven,Fields,josephsparks@bird.com,rodriguezsavannah,RFL-1196,2025-04-29 21:04:03,PayPal,Winter Giveaway,Pending
198,Cassandra,Swanson,chelseagraves@hotmail.com,leslie40,RFL-1197,2025-04-18 03:07:03,Stripe,Summer Bonanza,Confirmed
199,Russell,Brown,fjensen@hopkins.biz,rita07,RFL-1198,2025-04-27 22:04:03,Credit Card,Winter Giveaway,Confirmed
200,Paul,Jackson,zimmermanhannah@gmail.com,carolcochran,RFL-1199,2025-05-10 16:56:03,PayPal,Summer Bonanza,Pending
201,David,Morris,seanortiz@gmail.com,paullittle,RFL-1200,2025-04-19 07:57:03,Credit Card,Winter Giveaway,Confirmed
202,Savannah,Dominguez,karagomez@hotmail.com,elizabeth53,RFL-1201,2025-04-12 15:36:03,Credit Card,Spring Raffle,Cancelled
203,Todd,Miranda,waltersantana@stone-wood.biz,jacksongary,RFL-1202,2025-04-13 00:49:03,Credit Card,Summer Bonanza,Confirmed
204,Joseph,Norman,daviskristi@yahoo.com,calebmartinez,RFL-1203,2025-05-07 14:58:03,Credit Card,Summer Bonanza,Cancelled
205,Tricia,Wilson,douglasronald@reeves-kim.info,wardmargaret,RFL-1204,2025-04-13 23:06:03,PayPal,Winter Giveaway,Pending
206,Colin,Crawford,jacquelinejones@robinson-weber.com,adkinsrhonda,RFL-1205,2025-05-09 21:36:03,PayPal,Summer Bonanza,Cancelled
207,Savannah,Dominguez,karagomez@hotmail.com,elizabeth53,RFL-1206,2025-04-19 16:58:03,PayPal,Summer Bonanza,Pending
208,Shannon,Thompson,wilsonjacqueline@hotmail.com,jennifer49,RFL-1207,2025-04-23 19:43:03,Stripe,Winter Giveaway,Confirmed
209,Rachel,Klein,veronica37@gross.net,kennethhancock,RFL-1208,2025-05-10 04:48:03,Stripe,Winter Giveaway,Pending
210,Shannon,Thompson,wilsonjacqueline@hotmail.com,jennifer49,RFL-1209,2025-05-03 20:09:03,Stripe,Spring Raffle,Pending
211,Phillip,Ramirez,ksolis@yahoo.com,timothy63,RFL-1210,2025-04-21 02:38:03,Stripe,Winter Giveaway,Cancelled
212,Keith,Freeman,oscarlewis@rodriguez-morgan.com,rodriguezsabrina,RFL-1211,2025-04-20 19:25:03,PayPal,Winter Giveaway,Cancelled
213,David,Dominguez,tjones@lopez.com,smithlisa,RFL-1212,2025-04-18 07:56:03,PayPal,Spring Raffle,Cancelled
214,Scott,Davis,samanthadavis@gmail.com,kimberly57,RFL-1213,2025-04-23 07:53:03,Credit Card,Winter Giveaway,Confirmed
215,Ryan,Lopez,flynnsheila@yahoo.com,lutzstephanie,RFL-1214,2025-04-14 21:31:03,PayPal,Summer Bonanza,Confirmed
216,Christopher,Smith,uweaver@yahoo.com,alexandrajoseph,RFL-1215,2025-05-10 11:21:03,PayPal,Winter Giveaway,Pending
217,Alexa,Simpson,laurenrice@fitzgerald.com,millsadam,RFL-1216,2025-04-15 06:43:03,PayPal,Spring Raffle,Confirmed
218,Margaret,Smith,amandawright@joseph.com,michaelmartin,RFL-1217,2025-05-05 10:02:03,PayPal,Spring Raffle,Pending
219,David,Dominguez,tjones@lopez.com,smithlisa,RFL-1218,2025-04-17 07:33:03,Credit Card,Spring Raffle,Cancelled
220,Shelley,Hernandez,griffinjeffrey@weeks-anderson.info,ajones,RFL-1219,2025-04-21 11:25:03,Credit Card,Summer Bonanza,Confirmed
221,David,Dominguez,tjones@lopez.com,smithlisa,RFL-1220,2025-04-11 19:11:03,Credit Card,Spring Raffle,Confirmed
222,Shelby,Hall,shawn91@wright.biz,mariohart,RFL-1221,2025-05-05 05:10:03,Stripe,Winter Giveaway,Cancelled
223,Troy,Boyer,nicholasbrown@garcia.com,yenglish,RFL-1222,2025-05-02 01:24:03,Credit Card,Summer Bonanza,Confirmed
224,Patrick,Coffey,benjaminsmith@shaffer.org,bmartin,RFL-1223,2025-05-02 04:18:03,PayPal,Spring Raffle,Cancelled
225,Miguel,Nelson,courtneylowe@whitehead.com,omar28,RFL-1224,2025-05-02 12:07:03,Stripe,Winter Giveaway,Cancelled
226,Veronica,Roth,fmorales@hotmail.com,kristenharrell,RFL-1225,2025-04-26 11:17:03,PayPal,Summer Bonanza,Confirmed
227,Pamela,Pierce,canderson@russell-johnson.com,ccarpenter,RFL-1226,2025-04-25 18:34:03,Credit Card,Spring Raffle,Confirmed
228,Darlene,Cummings,susanstewart@irwin.com,rebekahrichardson,RFL-1227,2025-04-29 05:11:03,Stripe,Spring Raffle,Cancelled
229,Stephanie,Rosario,heather36@yahoo.com,johngarner,RFL-1228,2025-05-09 02:02:03,PayPal,Spring Raffle,Confirmed
230,Amanda,Schmidt,maryrhodes@combs.com,llee,RFL-1229,2025-04-25 16:20:03,PayPal,Spring Raffle,Cancelled
231,Pamela,Pierce,canderson@russell-johnson.com,ccarpenter,RFL-1230,2025-04-19 10:04:03,Stripe,Spring Raffle,Pending
232,Elizabeth,Flynn,diamondschmidt@arnold.info,xgrimes,RFL-1231,2025-05-06 00:54:03,PayPal,Winter Giveaway,Cancelled
233,Amanda,Schmidt,maryrhodes@combs.com,llee,RFL-1232,2025-04-18 02:49:03,Credit Card,Summer Bonanza,Cancelled
234,Tyler,Allen,gmyers@yahoo.com,mckinneyamy,RFL-1233,2025-05-07 13:18:03,PayPal,Summer Bonanza,Pending
235,Jasmine,Williams,smithjustin@patterson.biz,timothy64,RFL-1234,2025-05-05 22:35:03,Stripe,Winter Giveaway,Pending
236,Derek,Little,jensenbrian@hayes.com,mmiller,RFL-1235,2025-04-29 06:43:03,Credit Card,Winter Giveaway,Confirmed
237,Danielle,Davis,jeffreysolis@yahoo.com,gabrielabaldwin,RFL-1236,2025-04-21 16:31:03,Credit Card,Winter Giveaway,Cancelled
238,Courtney,Wood,rossmartin@hotmail.com,spatrick,RFL-1237,2025-05-11 16:42:03,PayPal,Spring Raffle,Pending
239,Johnathan,Jackson,williamcross@lang.info,jillianschroeder,RFL-1238,2025-04-23 22:21:03,Credit Card,Summer Bonanza,Cancelled
240,Brandi,Davis,bcoffey@gmail.com,ucastro,RFL-1239,2025-05-08 11:01:03,PayPal,Summer Bonanza,Confirmed
241,Danielle,Davis,jeffreysolis@yahoo.com,gabrielabaldwin,RFL-1240,2025-05-02 16:57:03,Credit Card,Summer Bonanza,Pending
242,Cassandra,Swanson,chelseagraves@hotmail.com,leslie40,RFL-1241,2025-04-27 20:18:03,PayPal,Summer Bonanza,Confirmed
243,David,Jones,jeffery56@gmail.com,ericdavidson,RFL-1242,2025-04-12 18:41:03,PayPal,Winter Giveaway,Pending
244,Dawn,Coleman,michele29@gmail.com,todd22,RFL-1243,2025-05-07 04:57:03,Credit Card,Winter Giveaway,Pending
245,Stephen,Nguyen,ybrown@oliver.info,meganford,RFL-1244,2025-04-27 04:41:03,Stripe,Winter Giveaway,Cancelled
246,Johnathan,Jackson,williamcross@lang.info,jillianschroeder,RFL-1245,2025-04-23 18:19:03,Stripe,Winter Giveaway,Pending
247,Cassandra,Swanson,chelseagraves@hotmail.com,leslie40,RFL-1246,2025-04-28 09:37:03,PayPal,Winter Giveaway,Confirmed
248,Lisa,Gould,jimenezsabrina@yahoo.com,brewertaylor,RFL-1247,2025-04-17 01:36:03,Credit Card,Spring Raffle,Pending
249,Rebecca,Walsh,douglas12@turner-schmidt.com,fosterrobin,RFL-1248,2025-05-10 12:15:03,Stripe,Spring Raffle,Pending
250,Beth,Thornton,lscott@matthews.com,martinezsamantha,RFL-1249,2025-04-22 11:39:03,Credit Card,Summer Bonanza,Cancelled
251,Kristin,Mcgee,sergio44@lucero.org,erinreed,RFL-1250,2025-05-10 22:39:03,PayPal,Summer Bonanza,Confirmed
252,Luke,Davis,browndavid@yahoo.com,burnettmichael,RFL-1251,2025-05-08 18:28:03,Credit Card,Winter Giveaway,Pending
253,Robert,Reynolds,adriancollins@huffman-rivas.com,wrightamber,RFL-1252,2025-04-15 10:14:03,Stripe,Summer Bonanza,Cancelled
254,Steven,Fields,josephsparks@bird.com,rodriguezsavannah,RFL-1253,2025-05-09 20:22:03,PayPal,Spring Raffle,Pending
255,Miguel,Nelson,courtneylowe@whitehead.com,omar28,RFL-1254,2025-04-30 18:04:03,Stripe,Spring Raffle,Confirmed
256,Derek,Little,jensenbrian@hayes.com,mmiller,RFL-1255,2025-04-25 20:31:03,Stripe,Winter Giveaway,Pending
257,Morgan,Marks,bbell@gmail.com,bblake,RFL-1256,2025-04-18 06:28:03,PayPal,Summer Bonanza,Cancelled
258,Maria,Vasquez,christophersmith@hotmail.com,jasonroberts,RFL-1257,2025-04-30 01:00:03,PayPal,Spring Raffle,Confirmed
259,Taylor,Johnson,robert76@lewis.org,ocurtis,RFL-1258,2025-05-03 05:33:03,Credit Card,Spring Raffle,Confirmed
260,Robert,Tran,peterevans@yahoo.com,fritzlorraine,RFL-1259,2025-04-28 00:30:03,Stripe,Winter Giveaway,Cancelled
261,Jeffrey,Brown,mcdowelltara@lewis.com,carmen59,RFL-1260,2025-05-08 01:21:03,Stripe,Spring Raffle,Pending
262,Danielle,Jackson,ibennett@beck-martin.org,april80,RFL-1261,2025-05-10 12:09:03,PayPal,Winter Giveaway,Pending
263,Stephanie,Rosario,heather36@yahoo.com,johngarner,RFL-1262,2025-04-25 19:44:03,Credit Card,Spring Raffle,Pending
264,Danielle,Davis,jeffreysolis@yahoo.com,gabrielabaldwin,RFL-1263,2025-05-11 05:53:03,Stripe,Winter Giveaway,Pending
265,Mark,Blackwell,erica63@yahoo.com,cassandradiaz,RFL-1264,2025-04-15 17:19:03,Credit Card,Winter Giveaway,Cancelled
266,Ryan,Lopez,flynnsheila@yahoo.com,lutzstephanie,RFL-1265,2025-04-22 16:15:03,PayPal,Winter Giveaway,Pending
267,Danielle,Davis,jeffreysolis@yahoo.com,gabrielabaldwin,RFL-1266,2025-04-25 06:22:03,PayPal,Spring Raffle,Cancelled
268,Joseph,Adkins,matthewmccormick@turner.biz,sthompson,RFL-1267,2025-04-28 16:22:03,Stripe,Spring Raffle,Confirmed
269,David,Warren,lauraquinn@gmail.com,melissarogers,RFL-1268,2025-04-23 21:04:03,PayPal,Winter Giveaway,Confirmed
270,Megan,Green,mcconnellpaul@wilson.com,yfitzpatrick,RFL-1269,2025-04-28 20:40:03,PayPal,Winter Giveaway,Cancelled
271,Robert,Tran,peterevans@yahoo.com,fritzlorraine,RFL-1270,2025-04-25 19:43:03,Credit Card,Summer Bonanza,Pending
272,Shelley,Hernandez,griffinjeffrey@weeks-anderson.info,ajones,RFL-1271,2025-04-19 19:56:03,Credit Card,Spring Raffle,Pending
273,Miguel,Nelson,courtneylowe@whitehead.com,omar28,RFL-1272,2025-04-19 18:33:03,PayPal,Winter Giveaway,Cancelled
274,Brandi,Bennett,judithhernandez@miller.net,lprince,RFL-1273,2025-05-02 20:51:03,Credit Card,Summer Bonanza,Cancelled
275,Megan,Green,mcconnellpaul@wilson.com,yfitzpatrick,RFL-1274,2025-05-08 00:48:03,PayPal,Summer Bonanza,Confirmed
276,Paul,Horn,alexander64@gmail.com,walexander,RFL-1275,2025-05-08 18:36:03,Credit Card,Summer Bonanza,Pending
277,David,Dominguez,tjones@lopez.com,smithlisa,RFL-1276,2025-04-23 17:03:03,Stripe,Spring Raffle,Cancelled
278,William,Anderson,wesley95@gmail.com,gdodson,RFL-1277,2025-05-09 16:19:03,Credit Card,Winter Giveaway,Cancelled
279,Jason,Torres,kevin87@sims-campbell.com,kellyamy,RFL-1278,2025-05-07 09:01:03,Credit Card,Summer Bonanza,Cancelled
280,Shelley,Hernandez,griffinjeffrey@weeks-anderson.info,ajones,RFL-1279,2025-04-19 23:08:03,PayPal,Winter Giveaway,Confirmed
281,Shannon,Thompson,wilsonjacqueline@hotmail.com,jennifer49,RFL-1280,2025-04-13 23:27:03,Stripe,Summer Bonanza,Pending
282,Beth,Thornton,lscott@matthews.com,martinezsamantha,RFL-1281,2025-04-19 01:22:03,PayPal,Winter Giveaway,Cancelled
283,Shelby,Hall,shawn91@wright.biz,mariohart,RFL-1282,2025-05-03 00:26:03,PayPal,Spring Raffle,Pending
284,Matthew,George,ubonilla@gmail.com,nmcintyre,RFL-1283,2025-04-29 08:21:03,Stripe,Summer Bonanza,Pending
285,Robert,Reynolds,adriancollins@huffman-rivas.com,wrightamber,RFL-1284,2025-04-11 21:03:03,Credit Card,Summer Bonanza,Confirmed
286,Luke,Davis,browndavid@yahoo.com,burnettmichael,RFL-1285,2025-04-27 12:15:03,Stripe,Winter Giveaway,Pending
287,Russell,Brown,fjensen@hopkins.biz,rita07,RFL-1286,2025-05-10 09:05:03,PayPal,Spring Raffle,Pending
288,Jeffrey,Brown,mcdowelltara@lewis.com,carmen59,RFL-1287,2025-05-08 03:33:03,PayPal,Spring Raffle,Pending
289,Alexa,Simpson,laurenrice@fitzgerald.com,millsadam,RFL-1288,2025-05-05 04:22:03,PayPal,Spring Raffle,Cancelled
290,Brandi,Davis,bcoffey@gmail.com,ucastro,RFL-1289,2025-04-18 22:20:03,PayPal,Spring Raffle,Cancelled
291,Rebecca,George,kelly72@yahoo.com,bellderrick,RFL-1290,2025-04-26 08:47:03,Stripe,Spring Raffle,Confirmed
292,Tricia,Wilson,douglasronald@reeves-kim.info,wardmargaret,RFL-1291,2025-04-27 20:07:03,Stripe,Summer Bonanza,Pending
293,William,King,regina05@hurst.com,allenkimberly,RFL-1292,2025-04-24 08:36:03,PayPal,Winter Giveaway,Pending
294,Kristine,Murphy,susan43@yahoo.com,tina43,RFL-1293,2025-04-27 00:56:03,Stripe,Spring Raffle,Cancelled
295,Chad,Howe,harveyjames@peterson-mckinney.com,torresmichaela,RFL-1294,2025-05-03 11:11:03,PayPal,Summer Bonanza,Cancelled
296,Jeffrey,Brown,mcdowelltara@lewis.com,carmen59,RFL-1295,2025-04-29 16:58:03,Stripe,Winter Giveaway,Confirmed
297,Donna,White,mcarey@wright.org,molly77,RFL-1296,2025-04-26 03:06:03,PayPal,Spring Raffle,Cancelled
298,Richard,Harmon,ibrown@murphy.com,miranda33,RFL-1297,2025-05-01 20:47:03,PayPal,Spring Raffle,Confirmed
299,Paul,Jackson,zimmermanhannah@gmail.com,carolcochran,RFL-1298,2025-04-17 02:17:03,Stripe,Spring Raffle,Confirmed
300,William,Anderson,wesley95@gmail.com,gdodson,RFL-1299,2025-04-11 22:45:03,Credit Card,Winter Giveaway,Confirmed
301,Katherine,Greene,robertsdiane@padilla.org,xmedina,RFL-1300,2025-04-20 05:34:03,PayPal,Winter Giveaway,Pending
302,Steven,Fields,josephsparks@bird.com,rodriguezsavannah,RFL-1301,2025-04-21 06:54:03,Stripe,Winter Giveaway,Confirmed
303,Randy,Patterson,rhonda14@smith.com,susanbryan,RFL-1302,2025-04-30 01:45:03,Credit Card,Spring Raffle,Confirmed
304,Joseph,Norman,daviskristi@yahoo.com,calebmartinez,RFL-1303,2025-04-13 09:24:03,Credit Card,Winter Giveaway,Pending
305,Donna,White,mcarey@wright.org,molly77,RFL-1304,2025-04-13 20:30:03,PayPal,Spring Raffle,Pending
306,Stephanie,Rosario,heather36@yahoo.com,johngarner,RFL-1305,2025-04-14 00:51:03,PayPal,Spring Raffle,Pending
307,Rebecca,George,kelly72@yahoo.com,bellderrick,RFL-1306,2025-04-16 20:53:03,PayPal,Summer Bonanza,Confirmed
308,Richard,Harmon,ibrown@murphy.com,miranda33,RFL-1307,2025-05-10 13:49:03,PayPal,Winter Giveaway,Pending
309,Troy,Boyer,nicholasbrown@garcia.com,yenglish,RFL-1308,2025-05-08 23:52:03,Credit Card,Spring Raffle,Confirmed
310,Troy,Boyer,nicholasbrown@garcia.com,yenglish,RFL-1309,2025-04-28 11:09:03,Credit Card,Spring Raffle,Cancelled
311,Leslie,Sloan,brookebrown@smith.com,wschroeder,RFL-1310,2025-04-18 23:16:03,Stripe,Spring Raffle,Pending
312,Kristin,Mcgee,sergio44@lucero.org,erinreed,RFL-1311,2025-04-25 23:02:03,PayPal,Summer Bonanza,Confirmed
313,Paul,Horn,alexander64@gmail.com,walexander,RFL-1312,2025-04-16 20:48:03,Stripe,Spring Raffle,Cancelled
314,Rebecca,Vasquez,frenchbradley@vasquez.info,stanleymatthew,RFL-1313,2025-04-18 17:04:03,PayPal,Spring Raffle,Cancelled
315,Scott,Davis,samanthadavis@gmail.com,kimberly57,RFL-1314,2025-04-17 15:08:03,Credit Card,Spring Raffle,Cancelled
316,Matthew,George,ubonilla@gmail.com,nmcintyre,RFL-1315,2025-05-02 18:52:03,Credit Card,Summer Bonanza,Confirmed
317,Amanda,Schmidt,maryrhodes@combs.com,llee,RFL-1316,2025-04-16 11:55:03,PayPal,Summer Bonanza,Cancelled
318,Kevin,Schmidt,vwalton@ryan.info,jamiesimmons,RFL-1317,2025-05-05 09:25:03,Stripe,Summer Bonanza,Pending
319,Brandi,Bennett,judithhernandez@miller.net,lprince,RFL-1318,2025-05-07 08:15:03,PayPal,Summer Bonanza,Pending
320,Veronica,Roth,fmorales@hotmail.com,kristenharrell,RFL-1319,2025-05-02 02:57:03,PayPal,Summer Bonanza,Pending
321,Robert,Chavez,marydixon@vaughn.info,oburns,RFL-1320,2025-04-16 02:39:03,PayPal,Spring Raffle,Cancelled
322,Stephanie,Diaz,toddrichard@willis.com,richard55,RFL-1321,2025-04-15 10:58:03,Stripe,Summer Bonanza,Pending
323,Phillip,Ramirez,ksolis@yahoo.com,timothy63,RFL-1322,2025-05-07 07:10:03,PayPal,Summer Bonanza,Confirmed
324,Jennifer,Smith,wilsonbrianna@gmail.com,dphillips,RFL-1323,2025-04-18 04:42:03,Stripe,Winter Giveaway,Cancelled
325,Megan,Green,mcconnellpaul@wilson.com,yfitzpatrick,RFL-1324,2025-04-13 19:03:03,Credit Card,Spring Raffle,Pending
326,James,Smith,ggentry@gmail.com,isaacchristensen,RFL-1325,2025-04-25 01:37:03,PayPal,Spring Raffle,Cancelled
327,Stephen,Nguyen,ybrown@oliver.info,meganford,RFL-1326,2025-05-08 14:20:03,Credit Card,Spring Raffle,Confirmed
328,Shelley,Hernandez,griffinjeffrey@weeks-anderson.info,ajones,RFL-1327,2025-04-14 18:37:03,Stripe,Winter Giveaway,Pending
329,Kelly,Watson,elliottdennis@taylor.com,dchavez,RFL-1328,2025-05-01 22:36:03,PayPal,Winter Giveaway,Pending
330,Todd,Miranda,waltersantana@stone-wood.biz,jacksongary,RFL-1329,2025-04-24 23:29:03,Stripe,Spring Raffle,Pending
331,Stephanie,Diaz,toddrichard@willis.com,richard55,RFL-1330,2025-04-26 18:41:03,PayPal,Spring Raffle,Pending
332,Tricia,Wilson,douglasronald@reeves-kim.info,wardmargaret,RFL-1331,2025-05-07 10:36:03,PayPal,Summer Bonanza,Cancelled
333,Susan,Marquez,reginald74@gmail.com,josephwest,RFL-1332,2025-05-11 09:26:03,Stripe,Summer Bonanza,Confirmed
334,Erik,Miller,robertkelly@tyler.com,johnstonronald,RFL-1333,2025-04-28 04:30:03,PayPal,Summer Bonanza,Cancelled
335,Crystal,Rios,cruzmegan@yahoo.com,johnadkins,RFL-1334,2025-05-10 21:28:03,Stripe,Spring Raffle,Cancelled
336,Margaret,Smith,amandawright@joseph.com,michaelmartin,RFL-1335,2025-04-18 01:24:03,Stripe,Summer Bonanza,Pending
337,Rebecca,Walsh,douglas12@turner-schmidt.com,fosterrobin,RFL-1336,2025-04-20 10:35:03,Credit Card,Winter Giveaway,Cancelled
338,Megan,Green,mcconnellpaul@wilson.com,yfitzpatrick,RFL-1337,2025-05-02 15:01:03,Credit Card,Spring Raffle,Confirmed
339,James,Smith,ggentry@gmail.com,isaacchristensen,RFL-1338,2025-04-28 03:07:03,Stripe,Winter Giveaway,Pending
340,Derek,Little,jensenbrian@hayes.com,mmiller,RFL-1339,2025-05-11 08:53:03,PayPal,Spring Raffle,Confirmed
341,Pamela,Pierce,canderson@russell-johnson.com,ccarpenter,RFL-1340,2025-04-27 20:20:03,PayPal,Winter Giveaway,Pending
342,David,Krueger,jamesgibbs@ruiz.com,laurie18,RFL-1341,2025-04-18 16:36:03,PayPal,Spring Raffle,Cancelled
343,David,Dominguez,tjones@lopez.com,smithlisa,RFL-1342,2025-05-04 16:45:03,Stripe,Spring Raffle,Cancelled
344,Kristine,Murphy,susan43@yahoo.com,tina43,RFL-1343,2025-04-28 17:16:03,PayPal,Spring Raffle,Confirmed
345,Erik,Sloan,jonesteresa@hotmail.com,cynthia08,RFL-1344,2025-04-19 20:17:03,PayPal,Summer Bonanza,Cancelled
346,Shelley,Hernandez,griffinjeffrey@weeks-anderson.info,ajones,RFL-1345,2025-05-04 07:31:03,Stripe,Summer Bonanza,Cancelled
347,Cynthia,Chapman,amy08@perez.com,lopezmatthew,RFL-1346,2025-05-08 16:52:03,Credit Card,Summer Bonanza,Pending
348,Brandi,Bennett,judithhernandez@miller.net,lprince,RFL-1347,2025-05-05 06:18:03,Stripe,Winter Giveaway,Confirmed
349,Todd,Miranda,waltersantana@stone-wood.biz,jacksongary,RFL-1348,2025-05-07 01:19:03,Credit Card,Summer Bonanza,Cancelled
350,Maria,Vasquez,christophersmith@hotmail.com,jasonroberts,RFL-1349,2025-04-21 04:13:03,Stripe,Spring Raffle,Pending
351,Matthew,George,ubonilla@gmail.com,nmcintyre,RFL-1350,2025-04-21 21:40:03,Stripe,Spring Raffle,Confirmed
352,Mark,Blackwell,erica63@yahoo.com,cassandradiaz,RFL-1351,2025-04-23 11:22:03,Stripe,Spring Raffle,Confirmed
353,Jeffery,Hernandez,jessicaevans@yahoo.com,larrykoch,RFL-1352,2025-04-12 11:56:03,Credit Card,Winter Giveaway,Confirmed
354,Margaret,Smith,amandawright@joseph.com,michaelmartin,RFL-1353,2025-04-12 07:57:03,Stripe,Spring Raffle,Cancelled
355,Crystal,Rios,cruzmegan@yahoo.com,johnadkins,RFL-1354,2025-05-10 15:50:03,Credit Card,Spring Raffle,Confirmed
356,Miguel,Nelson,courtneylowe@whitehead.com,omar28,RFL-1355,2025-04-12 01:10:03,Stripe,Summer Bonanza,Pending
357,Courtney,Wood,rossmartin@hotmail.com,spatrick,RFL-1356,2025-04-21 07:00:03,PayPal,Summer Bonanza,Cancelled
358,Alexa,Simpson,laurenrice@fitzgerald.com,millsadam,RFL-1357,2025-04-29 17:20:03,PayPal,Winter Giveaway,Cancelled
359,Scott,Davis,samanthadavis@gmail.com,kimberly57,RFL-1358,2025-05-03 20:13:03,PayPal,Winter Giveaway,Pending
360,Ryan,Lopez,flynnsheila@yahoo.com,lutzstephanie,RFL-1359,2025-05-06 01:43:03,Credit Card,Spring Raffle,Cancelled
361,Brandi,Davis,bcoffey@gmail.com,ucastro,RFL-1360,2025-04-18 00:35:03,PayPal,Winter Giveaway,Pending
362,Jeffrey,Brown,mcdowelltara@lewis.com,carmen59,RFL-1361,2025-05-04 10:32:03,PayPal,Spring Raffle,Cancelled
363,Matthew,George,ubonilla@gmail.com,nmcintyre,RFL-1362,2025-05-11 07:07:03,Credit Card,Spring Raffle,Pending
364,Richard,Harmon,ibrown@murphy.com,miranda33,RFL-1363,2025-05-04 15:02:03,PayPal,Winter Giveaway,Cancelled
365,Amanda,Schmidt,maryrhodes@combs.com,llee,RFL-1364,2025-05-05 07:54:03,Stripe,Summer Bonanza,Confirmed
366,Derek,Little,jensenbrian@hayes.com,mmiller,RFL-1365,2025-04-15 02:43:03,Stripe,Spring Raffle,Cancelled
367,Brandi,Davis,bcoffey@gmail.com,ucastro,RFL-1366,2025-05-09 17:03:03,Stripe,Winter Giveaway,Pending
368,Joseph,Norman,daviskristi@yahoo.com,calebmartinez,RFL-1367,2025-04-26 00:45:03,PayPal,Winter Giveaway,Pending
369,Susan,Marquez,reginald74@gmail.com,josephwest,RFL-1368,2025-04-27 16:12:03,PayPal,Summer Bonanza,Cancelled
370,David,Dominguez,tjones@lopez.com,smithlisa,RFL-1369,2025-04-26 17:10:03,Stripe,Winter Giveaway,Pending
371,Cassandra,Swanson,chelseagraves@hotmail.com,leslie40,RFL-1370,2025-05-03 06:46:03,Credit Card,Spring Raffle,Pending
372,Todd,Miranda,waltersantana@stone-wood.biz,jacksongary,RFL-1371,2025-04-24 16:58:03,PayPal,Spring Raffle,Confirmed
373,Cynthia,Chapman,amy08@perez.com,lopezmatthew,RFL-1372,2025-04-25 08:28:03,Credit Card,Winter Giveaway,Pending
374,Rebecca,Walsh,douglas12@turner-schmidt.com,fosterrobin,RFL-1373,2025-04-18 11:29:03,Stripe,Spring Raffle,Confirmed
375,David,Morris,seanortiz@gmail.com,paullittle,RFL-1374,2025-04-24 01:46:03,PayPal,Winter Giveaway,Pending
376,Pamela,Pierce,canderson@russell-johnson.com,ccarpenter,RFL-1375,2025-05-11 10:50:03,Stripe,Winter Giveaway,Confirmed
377,Laura,Patel,kimberlymeyer@gmail.com,oanderson,RFL-1376,2025-04-20 06:10:03,Credit Card,Winter Giveaway,Pending
378,Micheal,Johnson,tferguson@morales-richard.org,randy01,RFL-1377,2025-05-01 23:43:03,Stripe,Summer Bonanza,Cancelled
379,Robert,Tran,peterevans@yahoo.com,fritzlorraine,RFL-1378,2025-05-11 00:45:03,Stripe,Summer Bonanza,Cancelled
380,Amanda,Schmidt,maryrhodes@combs.com,llee,RFL-1379,2025-04-12 11:44:03,PayPal,Spring Raffle,Cancelled
381,Jason,Torres,kevin87@sims-campbell.com,kellyamy,RFL-1380,2025-04-27 06:57:03,Credit Card,Winter Giveaway,Pending
382,Micheal,Johnson,tferguson@morales-richard.org,randy01,RFL-1381,2025-05-08 15:54:03,Credit Card,Summer Bonanza,Pending
383,Paul,Jackson,zimmermanhannah@gmail.com,carolcochran,RFL-1382,2025-05-06 02:49:03,Credit Card,Summer Bonanza,Pending
384,Amanda,Schmidt,maryrhodes@combs.com,llee,RFL-1383,2025-05-04 05:16:03,Stripe,Summer Bonanza,Confirmed
385,Shelby,Hall,shawn91@wright.biz,mariohart,RFL-1384,2025-04-19 15:04:03,Credit Card,Winter Giveaway,Cancelled
386,Erik,Miller,robertkelly@tyler.com,johnstonronald,RFL-1385,2025-04-16 12:08:03,Stripe,Spring Raffle,Pending
387,Steven,Fields,josephsparks@bird.com,rodriguezsavannah,RFL-1386,2025-04-30 22:19:03,PayPal,Summer Bonanza,Pending
388,Chad,Howe,harveyjames@peterson-mckinney.com,torresmichaela,RFL-1387,2025-05-06 20:17:03,Credit Card,Winter Giveaway,Cancelled
389,Paul,Jackson,zimmermanhannah@gmail.com,carolcochran,RFL-1388,2025-04-21 05:37:03,Stripe,Summer Bonanza,Cancelled
390,Steven,Fields,josephsparks@bird.com,rodriguezsavannah,RFL-1389,2025-05-10 05:29:03,Stripe,Spring Raffle,Confirmed
391,Susan,Marquez,reginald74@gmail.com,josephwest,RFL-1390,2025-04-18 01:19:03,Stripe,Spring Raffle,Pending
392,Morgan,Marks,bbell@gmail.com,bblake,RFL-1391,2025-05-07 20:57:03,Stripe,Spring Raffle,Pending
393,Paul,Jackson,zimmermanhannah@gmail.com,carolcochran,RFL-1392,2025-05-05 04:48:03,Stripe,Summer Bonanza,Cancelled
394,Stephanie,Becker,lisa91@hotmail.com,jbutler,RFL-1393,2025-05-05 20:07:03,PayPal,Summer Bonanza,Cancelled
395,Dawn,Coleman,michele29@gmail.com,todd22,RFL-1394,2025-04-21 02:48:03,PayPal,Summer Bonanza,Pending
396,Matthew,George,ubonilla@gmail.com,nmcintyre,RFL-1395,2025-05-07 07:12:03,PayPal,Spring Raffle,Pending
397,Pamela,Pierce,canderson@russell-johnson.com,ccarpenter,RFL-1396,2025-04-26 09:07:03,Stripe,Spring Raffle,Pending
398,Pamela,Pierce,canderson@russell-johnson.com,ccarpenter,RFL-1397,2025-05-01 18:56:03,PayPal,Winter Giveaway,Cancelled
399,Rebecca,George,kelly72@yahoo.com,bellderrick,RFL-1398,2025-05-11 08:36:03,PayPal,Spring Raffle,Cancelled
400,Maria,Vasquez,christophersmith@hotmail.com,jasonroberts,RFL-1399,2025-05-04 23:57:03,PayPal,Winter Giveaway,Cancelled
